DATE,DailyAverageDryBulbTemperature,DailyMaximumDryBulbTemperature,DailyMinimumDryBulbTemperature,DailyCoolingDegreeDays,HourlyDryBulbTemperature
2025-05-01T00:17:00,,,,,16.7
2025-05-01T00:29:00,,,,,16.7
2025-05-01T00:53:00,,,,,16.7
2025-05-01T01:06:00,,,,,16.7
2025-05-01T01:29:00,,,,,16.7
2025-05-01T01:44:00,,,,,16.7
2025-05-01T01:53:00,,,,,16.7
2025-05-01T02:45:00,,,,,16.7
2025-05-01T02:53:00,,,,,16.7
2025-05-01T03:51:00,,,,,17.0
2025-05-01T03:53:00,,,,,16.7
2025-05-01T04:53:00,,,,,16.7
2025-05-01T05:09:00,,,,,16.7
2025-05-01T05:18:00,,,,,16.7
2025-05-01T05:27:00,,,,,16.7
2025-05-01T05:53:00,,,,,16.7
2025-05-01T06:07:00,,,,,16.7
2025-05-01T06:53:00,,,,,16.7
2025-05-01T07:53:00,,,,,17.2
2025-05-01T08:51:00,,,,,18.0
2025-05-01T08:53:00,,,,,18.3
2025-05-01T09:08:00,,,,,18.3
2025-05-01T09:23:00,,,,,18.9
2025-05-01T09:53:00,,,,,20.0
2025-05-01T10:53:00,,,,,21.1
2025-05-01T11:53:00,,,,,21.7
2025-05-01T12:53:00,,,,,21.7
2025-05-01T13:51:00,,,,,23.0
2025-05-01T13:53:00,,,,,23.3
2025-05-01T14:25:00,,,,,24.4
2025-05-01T14:53:00,,,,,24.4
2025-05-01T15:15:00,,,,,24.4
2025-05-01T15:37:00,,,,,25.0
2025-05-01T15:53:00,,,,,25.6
2025-05-01T16:06:00,,,,,25.0
2025-05-01T16:14:00,,,,,25.6
2025-05-01T16:36:00,,,,,26.1
2025-05-01T16:53:00,,,,,26.7
2025-05-01T17:53:00,,,,,25.6
2025-05-01T18:53:00,,,,,25.0
2025-05-01T19:53:00,,,,,23.9
2025-05-01T20:53:00,,,,,22.8
2025-05-01T21:53:00,,,,,22.8
2025-05-01T22:04:00,,,,,22.8
2025-05-01T22:20:00,,,,,22.2
2025-05-01T22:53:00,,,,,22.8
2025-05-01T23:53:00,,,,,21.1
2025-05-02T00:53:00,,,,,19.4
2025-05-02T01:53:00,,,,,18.3
2025-05-02T02:53:00,,,,,17.2
2025-05-02T03:53:00,,,,,16.1
2025-05-02T04:53:00,,,,,18.3
2025-05-02T05:53:00,,,,,18.3
2025-05-02T06:53:00,,,,,19.4
2025-05-02T07:53:00,,,,,20.0
2025-05-02T08:53:00,,,,,21.1
2025-05-02T09:53:00,,,,,20.6
2025-05-02T10:41:00,,,,,20.0
2025-05-02T10:51:00,,,,,20.0
2025-05-02T10:53:00,,,,,19.4
2025-05-02T11:18:00,,,,,17.8
2025-05-02T11:51:00,,,,,17.0
2025-05-02T11:53:00,,,,,17.8
2025-05-02T12:31:00,,,,,17.2
2025-05-02T12:45:00,,,,,17.2
2025-05-02T12:51:00,,,,,17.0
2025-05-02T12:53:00,,,,,17.2
2025-05-02T13:00:00,,,,,17.2
2025-05-02T13:09:00,,,,,17.2
2025-05-02T13:23:00,,,,,17.2
2025-05-02T13:45:00,,,,,16.7
2025-05-02T13:53:00,,,,,17.2
2025-05-02T14:00:00,,,,,17.2
2025-05-02T14:53:00,,,,,20.0
2025-05-02T15:21:00,,,,,18.9
2025-05-02T15:37:00,,,,,18.9
2025-05-02T15:44:00,,,,,18.3
2025-05-02T15:50:00,,,,,18.0
2025-05-02T15:51:00,,,,,18.3
2025-05-02T16:06:00,,,,,18.3
2025-05-02T16:13:00,,,,,18.3
2025-05-02T16:53:00,,,,,19.4
2025-05-02T17:53:00,,,,,19.4
2025-05-02T18:53:00,,,,,18.9
2025-05-02T19:53:00,,,,,19.4
2025-05-02T20:53:00,,,,,17.8
2025-05-02T21:53:00,,,,,17.2
2025-05-02T22:25:00,,,,,16.1
2025-05-02T22:31:00,,,,,15.0
2025-05-02T22:53:00,,,,,16.1
2025-05-02T23:10:00,,,,,15.6
2025-05-02T23:26:00,,,,,15.0
2025-05-02T23:40:00,,,,,15.0
2025-05-02T23:44:00,,,,,15.0
2025-05-02T23:53:00,,,,,15.0
2025-05-03T00:53:00,,,,,15.6
2025-05-03T01:53:00,,,,,14.4
2025-05-03T02:53:00,,,,,12.8
2025-05-03T03:53:00,,,,,12.2
2025-05-03T04:53:00,,,,,12.8
2025-05-03T05:53:00,,,,,12.8
2025-05-03T06:53:00,,,,,14.4
2025-05-03T07:53:00,,,,,16.1
2025-05-03T08:53:00,,,,,18.3
2025-05-03T09:53:00,,,,,19.4
2025-05-03T10:53:00,,,,,20.6
2025-05-03T11:53:00,,,,,21.1
2025-05-03T12:53:00,,,,,22.8
2025-05-03T13:53:00,,,,,22.2
2025-05-03T14:53:00,,,,,22.8
2025-05-03T15:53:00,,,,,23.3
2025-05-03T16:53:00,,,,,23.3
2025-05-03T17:53:00,,,,,22.8
2025-05-03T18:53:00,,,,,21.1
2025-05-03T19:53:00,,,,,19.4
2025-05-03T20:53:00,,,,,14.4
2025-05-03T21:53:00,,,,,12.8
2025-05-03T22:53:00,,,,,12.2
2025-05-03T23:53:00,,,,,11.7
2025-05-04T00:53:00,,,,,11.1
2025-05-04T01:53:00,,,,,10.6
2025-05-04T02:53:00,,,,,10.6
2025-05-04T03:53:00,,,,,10.6
2025-05-04T04:53:00,,,,,10.0
2025-05-04T05:53:00,,,,,10.0
2025-05-04T06:53:00,,,,,13.9
2025-05-04T07:53:00,,,,,17.8
2025-05-04T08:53:00,,,,,20.0
2025-05-04T09:53:00,,,,,21.7
2025-05-04T10:53:00,,,,,22.8
2025-05-04T11:53:00,,,,,23.3
2025-05-04T12:53:00,,,,,23.3
2025-05-04T13:53:00,,,,,23.9
2025-05-04T14:53:00,,,,,25.0
2025-05-04T15:10:00,,,,,25.0
2025-05-04T15:53:00,,,,,25.0
2025-05-04T16:53:00,,,,,24.4
2025-05-04T17:53:00,,,,,23.9
2025-05-04T18:53:00,,,,,21.1
2025-05-04T19:53:00,,,,,18.9
2025-05-04T20:53:00,,,,,18.9
2025-05-04T21:53:00,,,,,18.3
2025-05-04T22:53:00,,,,,18.9
2025-05-04T23:53:00,,,,,18.9
2025-05-05T00:53:00,,,,,18.9
2025-05-05T01:53:00,,,,,15.6
2025-05-05T02:53:00,,,,,16.7
2025-05-05T03:53:00,,,,,16.7
2025-05-05T04:53:00,,,,,13.9
2025-05-05T05:53:00,,,,,15.6
2025-05-05T06:53:00,,,,,17.8
2025-05-05T07:53:00,,,,,19.4
2025-05-05T08:53:00,,,,,21.1
2025-05-05T09:53:00,,,,,20.6
2025-05-05T10:53:00,,,,,20.6
2025-05-05T11:50:00,,,,,18.0
2025-05-05T11:53:00,,,,,17.8
2025-05-05T12:26:00,,,,,17.2
2025-05-05T12:49:00,,,,,17.0
2025-05-05T12:53:00,,,,,17.2
2025-05-05T13:13:00,,,,,16.7
2025-05-05T13:28:00,,,,,16.7
2025-05-05T13:36:00,,,,,16.7
2025-05-05T13:51:00,,,,,17.0
2025-05-05T13:53:00,,,,,17.2
2025-05-05T14:06:00,,,,,17.2
2025-05-05T14:53:00,,,,,17.2
2025-05-05T15:53:00,,,,,17.2
2025-05-05T16:53:00,,,,,16.7
2025-05-05T17:53:00,,,,,16.7
2025-05-05T18:53:00,,,,,15.6
2025-05-05T19:53:00,,,,,15.6
2025-05-05T20:53:00,,,,,15.6
2025-05-05T21:53:00,,,,,15.6
2025-05-05T22:53:00,,,,,15.0
2025-05-05T23:53:00,,,,,16.1
2025-05-06T00:53:00,,,,,16.1
2025-05-06T01:51:00,,,,,17.0
2025-05-06T01:53:00,,,,,17.2
2025-05-06T02:41:00,,,,,16.7
2025-05-06T02:53:00,,,,,16.7
2025-05-06T03:12:00,,,,,16.7
2025-05-06T03:53:00,,,,,16.1
2025-05-06T04:53:00,,,,,16.1
2025-05-06T05:53:00,,,,,16.1
2025-05-06T06:53:00,,,,,16.7
2025-05-06T07:16:00,,,,,16.7
2025-05-06T07:38:00,,,,,16.7
2025-05-06T07:53:00,,,,,16.1
2025-05-06T08:05:00,,,,,16.1
2025-05-06T08:16:00,,,,,16.1
2025-05-06T08:38:00,,,,,16.1
2025-05-06T08:53:00,,,,,16.1
2025-05-06T09:08:00,,,,,16.7
2025-05-06T09:24:00,,,,,16.7
2025-05-06T09:34:00,,,,,16.7
2025-05-06T09:45:00,,,,,16.7
2025-05-06T09:48:00,,,,,17.0
2025-05-06T09:51:00,,,,,17.0
2025-05-06T09:53:00,,,,,16.7
2025-05-06T10:13:00,,,,,16.1
2025-05-06T10:21:00,,,,,16.1
2025-05-06T10:29:00,,,,,16.7
2025-05-06T10:45:00,,,,,16.7
2025-05-06T10:53:00,,,,,16.7
2025-05-06T11:43:00,,,,,17.2
2025-05-06T11:53:00,,,,,17.2
2025-05-06T12:02:00,,,,,17.2
2025-05-06T12:53:00,,,,,18.3
2025-05-06T13:53:00,,,,,20.0
2025-05-06T14:03:00,,,,,20.0
2025-05-06T14:53:00,,,,,20.6
2025-05-06T15:09:00,,,,,20.6
2025-05-06T15:21:00,,,,,20.6
2025-05-06T15:53:00,,,,,20.6
2025-05-06T16:00:00,,,,,21.1
2025-05-06T16:27:00,,,,,21.7
2025-05-06T16:53:00,,,,,21.7
2025-05-06T17:39:00,,,,,20.6
2025-05-06T17:53:00,,,,,21.1
2025-05-06T18:53:00,,,,,20.6
2025-05-06T19:05:00,,,,,18.9
2025-05-06T19:36:00,,,,,18.9
2025-05-06T19:53:00,,,,,17.8
2025-05-06T20:03:00,,,,,17.2
2025-05-06T20:39:00,,,,,16.1
2025-05-06T20:48:00,,,,,17.0
2025-05-06T20:53:00,,,,,16.7
2025-05-06T21:53:00,,,,,15.6
2025-05-06T22:53:00,,,,,15.0
2025-05-06T23:53:00,,,,,15.6
2025-05-07T00:30:00,,,,,13.9
2025-05-07T00:35:00,,,,,14.4
2025-05-07T00:53:00,,,,,14.4
2025-05-07T01:01:00,,,,,15.0
2025-05-07T01:14:00,,,,,16.1
2025-05-07T01:17:00,,,,,16.1
2025-05-07T01:29:00,,,,,16.1
2025-05-07T01:53:00,,,,,16.1
2025-05-07T02:28:00,,,,,16.1
2025-05-07T02:33:00,,,,,16.1
2025-05-07T02:53:00,,,,,16.1
2025-05-07T03:04:00,,,,,16.7
2025-05-07T03:19:00,,,,,16.7
2025-05-07T03:32:00,,,,,16.7
2025-05-07T03:43:00,,,,,16.7
2025-05-07T03:51:00,,,,,17.0
2025-05-07T03:53:00,,,,,16.7
2025-05-07T04:02:00,,,,,16.7
2025-05-07T04:17:00,,,,,16.7
2025-05-07T04:53:00,,,,,16.7
2025-05-07T05:01:00,,,,,16.7
2025-05-07T05:53:00,,,,,16.7
2025-05-07T06:17:00,,,,,17.2
2025-05-07T06:41:00,,,,,17.2
2025-05-07T06:53:00,,,,,17.2
2025-05-07T07:53:00,,,,,18.9
2025-05-07T08:05:00,,,,,18.9
2025-05-07T08:24:00,,,,,19.4
2025-05-07T08:48:00,,,,,20.0
2025-05-07T08:53:00,,,,,20.0
2025-05-07T09:05:00,,,,,20.0
2025-05-07T09:49:00,,,,,21.0
2025-05-07T09:53:00,,,,,21.1
2025-05-07T10:53:00,,,,,22.2
2025-05-07T11:53:00,,,,,22.2
2025-05-07T12:03:00,,,,,22.8
2025-05-07T12:30:00,,,,,22.8
2025-05-07T12:39:00,,,,,23.3
2025-05-07T12:53:00,,,,,23.9
2025-05-07T13:53:00,,,,,24.4
2025-05-07T14:53:00,,,,,25.0
2025-05-07T15:53:00,,,,,25.0
2025-05-07T16:53:00,,,,,25.6
2025-05-07T17:53:00,,,,,25.6
2025-05-07T18:53:00,,,,,24.4
2025-05-07T19:53:00,,,,,21.1
2025-05-07T20:00:00,,,,,20.6
2025-05-07T20:01:00,,,,,20.0
2025-05-07T20:53:00,,,,,18.9
2025-05-07T21:00:00,,,,,18.9
2025-05-07T21:53:00,,,,,17.8
2025-05-07T22:53:00,,,,,16.7
2025-05-07T23:18:00,,,,,16.7
2025-05-07T23:29:00,,,,,16.7
2025-05-07T23:53:00,,,,,16.1
2025-05-08T00:01:00,,,,,16.1
2025-05-08T00:53:00,,,,,15.6
2025-05-08T01:53:00,,,,,15.6
2025-05-08T02:11:00,,,,,15.6
2025-05-08T02:53:00,,,,,15.0
2025-05-08T03:53:00,,,,,17.2
2025-05-08T04:01:00,,,,,17.2
2025-05-08T04:53:00,,,,,17.2
2025-05-08T05:53:00,,,,,16.7
2025-05-08T06:53:00,,,,,18.3
2025-05-08T07:53:00,,,,,20.0
2025-05-08T08:53:00,,,,,21.1
2025-05-08T09:53:00,,,,,22.8
2025-05-08T10:53:00,,,,,23.3
2025-05-08T11:53:00,,,,,24.4
2025-05-08T12:53:00,,,,,25.0
2025-05-08T13:53:00,,,,,25.0
2025-05-08T14:53:00,,,,,25.0
2025-05-08T15:53:00,,,,,25.6
2025-05-08T16:53:00,,,,,25.0
2025-05-08T17:53:00,,,,,23.3
2025-05-08T18:53:00,,,,,22.2
2025-05-08T19:53:00,,,,,20.0
2025-05-08T20:53:00,,,,,18.9
2025-05-08T21:53:00,,,,,18.3
2025-05-08T22:53:00,,,,,17.2
2025-05-08T23:53:00,,,,,16.7
2025-05-09T00:53:00,,,,,16.1
2025-05-09T01:53:00,,,,,17.2
2025-05-09T02:53:00,,,,,16.1
2025-05-09T03:53:00,,,,,15.6
2025-05-09T04:53:00,,,,,16.1
2025-05-09T05:53:00,,,,,16.1
2025-05-09T06:53:00,,,,,18.3
2025-05-09T07:51:00,,,,,20.0
2025-05-09T07:53:00,,,,,20.0
2025-05-09T08:53:00,,,,,21.7
2025-05-09T09:53:00,,,,,22.8
2025-05-09T10:53:00,,,,,23.3
2025-05-09T11:53:00,,,,,24.4
2025-05-09T12:53:00,,,,,26.1
2025-05-09T13:53:00,,,,,24.4
2025-05-09T14:53:00,,,,,24.4
2025-05-09T15:53:00,,,,,25.0
2025-05-09T16:53:00,,,,,25.0
2025-05-09T17:53:00,,,,,25.6
2025-05-09T18:53:00,,,,,25.0
2025-05-09T19:53:00,,,,,22.8
2025-05-09T20:53:00,,,,,21.7
2025-05-09T21:53:00,,,,,18.9
2025-05-09T22:53:00,,,,,18.9
2025-05-09T23:53:00,,,,,17.2
2025-05-10T00:09:00,,,,,16.7
2025-05-10T00:17:00,,,,,16.7
2025-05-10T00:30:00,,,,,16.7
2025-05-10T00:39:00,,,,,16.7
2025-05-10T00:53:00,,,,,17.2
2025-05-10T01:30:00,,,,,17.8
2025-05-10T01:45:00,,,,,17.2
2025-05-10T01:51:00,,,,,17.0
2025-05-10T01:53:00,,,,,17.8
2025-05-10T02:03:00,,,,,17.2
2025-05-10T02:13:00,,,,,17.2
2025-05-10T02:53:00,,,,,17.8
2025-05-10T03:51:00,,,,,17.0
2025-05-10T03:53:00,,,,,17.2
2025-05-10T04:02:00,,,,,16.7
2025-05-10T04:27:00,,,,,16.7
2025-05-10T04:36:00,,,,,17.2
2025-05-10T04:53:00,,,,,16.7
2025-05-10T04:58:00,,,,,16.7
2025-05-10T05:09:00,,,,,15.6
2025-05-10T05:16:00,,,,,16.1
2025-05-10T05:23:00,,,,,16.7
2025-05-10T05:53:00,,,,,16.1
2025-05-10T06:53:00,,,,,18.3
2025-05-10T07:53:00,,,,,20.0
2025-05-10T08:53:00,,,,,21.7
2025-05-10T09:53:00,,,,,22.8
2025-05-10T10:53:00,,,,,24.4
2025-05-10T11:53:00,,,,,26.1
2025-05-10T12:53:00,,,,,26.1
2025-05-10T13:53:00,,,,,26.7
2025-05-10T14:53:00,,,,,27.2
2025-05-10T15:53:00,,,,,25.6
2025-05-10T16:53:00,,,,,25.0
2025-05-10T17:53:00,,,,,24.4
2025-05-10T18:53:00,,,,,23.9
2025-05-10T19:53:00,,,,,22.8
2025-05-10T20:53:00,,,,,22.2
2025-05-10T21:53:00,,,,,21.1
2025-05-10T22:53:00,,,,,20.6
2025-05-10T23:53:00,,,,,19.4
2025-05-11T00:53:00,,,,,15.6
2025-05-11T01:53:00,,,,,14.4
2025-05-11T02:53:00,,,,,13.9
2025-05-11T03:53:00,,,,,12.2
2025-05-11T04:53:00,,,,,13.3
2025-05-11T05:53:00,,,,,12.8
2025-05-11T06:53:00,,,,,13.9
2025-05-11T07:53:00,,,,,17.2
2025-05-11T08:53:00,,,,,19.4
2025-05-11T09:53:00,,,,,22.2
2025-05-11T10:53:00,,,,,24.4
2025-05-11T11:53:00,,,,,23.9
2025-05-11T12:53:00,,,,,25.6
2025-05-11T13:53:00,,,,,25.6
2025-05-11T14:53:00,,,,,26.7
2025-05-11T15:53:00,,,,,26.1
2025-05-11T16:53:00,,,,,25.0
2025-05-11T17:53:00,,,,,24.4
2025-05-11T18:53:00,,,,,23.3
2025-05-11T19:53:00,,,,,22.2
2025-05-11T20:53:00,,,,,21.1
2025-05-11T21:53:00,,,,,20.6
2025-05-11T22:53:00,,,,,19.4
2025-05-11T23:53:00,,,,,17.8
2025-05-12T00:53:00,,,,,16.1
2025-05-12T01:53:00,,,,,15.0
2025-05-12T02:53:00,,,,,13.9
2025-05-12T03:53:00,,,,,13.9
2025-05-12T04:53:00,,,,,14.4
2025-05-12T05:53:00,,,,,13.9
2025-05-12T06:53:00,,,,,18.3
2025-05-12T07:53:00,,,,,19.4
2025-05-12T08:53:00,,,,,21.1
2025-05-12T09:53:00,,,,,23.3
2025-05-12T10:53:00,,,,,25.0
2025-05-12T11:53:00,,,,,26.1
2025-05-12T12:53:00,,,,,26.7
2025-05-12T13:53:00,,,,,27.8
2025-05-12T14:53:00,,,,,27.8
2025-05-12T15:53:00,,,,,27.8
2025-05-12T16:53:00,,,,,28.3
2025-05-12T17:53:00,,,,,27.8
2025-05-12T18:53:00,,,,,26.1
2025-05-12T19:53:00,,,,,23.3
2025-05-12T20:53:00,,,,,21.7
2025-05-12T21:53:00,,,,,18.9
2025-05-12T22:53:00,,,,,20.0
2025-05-12T23:53:00,,,,,18.9
2025-05-13T00:53:00,,,,,17.8
2025-05-13T01:53:00,,,,,18.3
2025-05-13T02:53:00,,,,,18.3
2025-05-13T03:53:00,,,,,18.9
2025-05-13T04:53:00,,,,,18.9
2025-05-13T05:53:00,,,,,19.4
2025-05-13T06:53:00,,,,,19.4
2025-05-13T07:53:00,,,,,22.2
2025-05-13T08:53:00,,,,,23.9
2025-05-13T09:53:00,,,,,26.7
2025-05-13T10:53:00,,,,,29.4
2025-05-13T11:53:00,,,,,30.0
2025-05-13T12:53:00,,,,,31.7
2025-05-13T13:53:00,,,,,33.3
2025-05-13T14:53:00,,,,,33.9
2025-05-13T15:53:00,,,,,34.4
2025-05-13T16:53:00,,,,,33.3
2025-05-13T17:53:00,,,,,32.8
2025-05-13T18:53:00,,,,,31.1
2025-05-13T19:53:00,,,,,30.0
2025-05-13T20:53:00,,,,,28.9
2025-05-13T21:53:00,,,,,28.3
2025-05-13T22:53:00,,,,,27.8
2025-05-13T23:53:00,,,,,27.2
2025-05-14T00:53:00,,,,,26.1
2025-05-14T01:53:00,,,,,25.6
2025-05-14T02:53:00,,,,,25.0
2025-05-14T03:53:00,,,,,25.0
2025-05-14T04:53:00,,,,,24.4
2025-05-14T05:53:00,,,,,24.4
2025-05-14T06:53:00,,,,,25.0
2025-05-14T07:53:00,,,,,26.7
2025-05-14T08:53:00,,,,,29.4
2025-05-14T09:53:00,,,,,31.7
2025-05-14T10:53:00,,,,,31.7
2025-05-14T11:53:00,,,,,31.7
2025-05-14T12:53:00,,,,,32.2
2025-05-14T13:53:00,,,,,32.8
2025-05-14T14:53:00,,,,,32.2
2025-05-14T15:53:00,,,,,31.1
2025-05-14T16:53:00,,,,,31.1
2025-05-14T17:53:00,,,,,30.6
2025-05-14T18:53:00,,,,,30.0
2025-05-14T19:53:00,,,,,29.4
2025-05-14T20:53:00,,,,,28.3
2025-05-14T21:53:00,,,,,28.3
2025-05-14T22:53:00,,,,,27.8
2025-05-14T23:53:00,,,,,26.7
2025-05-15T00:53:00,,,,,26.1
2025-05-15T01:53:00,,,,,25.6
2025-05-15T02:53:00,,,,,25.0
2025-05-15T03:53:00,,,,,24.4
2025-05-15T04:53:00,,,,,23.9
2025-05-15T05:53:00,,,,,23.9
2025-05-15T06:53:00,,,,,23.9
2025-05-15T07:53:00,,,,,25.0
2025-05-15T08:53:00,,,,,26.7
2025-05-15T09:53:00,,,,,28.9
2025-05-15T10:53:00,,,,,29.4
2025-05-15T11:53:00,,,,,31.1
2025-05-15T12:53:00,,,,,31.7
2025-05-15T13:53:00,,,,,32.8
2025-05-15T14:53:00,,,,,32.2
2025-05-15T15:53:00,,,,,32.8
2025-05-15T16:53:00,,,,,31.7
2025-05-15T17:53:00,,,,,30.6
2025-05-15T18:53:00,,,,,27.2
2025-05-15T19:53:00,,,,,25.0
2025-05-15T20:53:00,,,,,23.9
2025-05-15T21:53:00,,,,,23.9
2025-05-15T22:53:00,,,,,21.1
2025-05-15T23:53:00,,,,,21.7
2025-05-16T00:53:00,,,,,22.2
2025-05-16T01:53:00,,,,,23.9
2025-05-16T02:53:00,,,,,25.0
2025-05-16T03:53:00,,,,,25.0
2025-05-16T04:17:00,,,,,24.4
2025-05-16T04:53:00,,,,,24.4
2025-05-16T05:53:00,,,,,24.4
2025-05-16T06:53:00,,,,,25.0
2025-05-16T07:43:00,,,,,25.6
2025-05-16T07:53:00,,,,,26.1
2025-05-16T08:53:00,,,,,27.2
2025-05-16T09:53:00,,,,,28.3
2025-05-16T10:53:00,,,,,27.8
2025-05-16T11:28:00,,,,,28.3
2025-05-16T11:53:00,,,,,28.9
2025-05-16T12:53:00,,,,,30.0
2025-05-16T13:53:00,,,,,30.0
2025-05-16T14:53:00,,,,,30.6
2025-05-16T15:53:00,,,,,31.1
2025-05-16T16:37:00,,,,,30.6
2025-05-16T16:51:00,,,,,31.0
2025-05-16T16:53:00,,,,,30.6
2025-05-16T17:09:00,,,,,30.0
2025-05-16T17:28:00,,,,,29.4
2025-05-16T17:49:00,,,,,28.0
2025-05-16T17:51:00,,,,,28.0
2025-05-16T17:53:00,,,,,27.2
2025-05-16T18:16:00,,,,,25.6
2025-05-16T18:23:00,,,,,25.6
2025-05-16T18:38:00,,,,,25.0
2025-05-16T18:51:00,,,,,25.0
2025-05-16T18:53:00,,,,,25.0
2025-05-16T19:13:00,,,,,24.4
2025-05-16T19:31:00,,,,,24.4
2025-05-16T19:53:00,,,,,23.9
2025-05-16T20:53:00,,,,,23.3
2025-05-16T21:53:00,,,,,23.3
2025-05-16T22:53:00,,,,,23.9
2025-05-16T23:28:00,,,,,25.0
2025-05-16T23:43:00,,,,,23.3
2025-05-16T23:53:00,,,,,23.3
2025-05-17T00:53:00,,,,,22.8
2025-05-17T01:53:00,,,,,22.8
2025-05-17T02:41:00,,,,,22.2
2025-05-17T02:49:00,,,,,23.0
2025-05-17T02:53:00,,,,,22.8
2025-05-17T03:53:00,,,,,21.7
2025-05-17T04:53:00,,,,,21.7
2025-05-17T05:53:00,,,,,22.2
2025-05-17T06:53:00,,,,,24.4
2025-05-17T07:45:00,,,,,25.0
2025-05-17T07:51:00,,,,,26.0
2025-05-17T07:53:00,,,,,25.6
2025-05-17T08:51:00,,,,,27.0
2025-05-17T08:53:00,,,,,27.8
2025-05-17T09:45:00,,,,,28.3
2025-05-17T09:53:00,,,,,28.3
2025-05-17T10:53:00,,,,,28.9
2025-05-17T11:53:00,,,,,30.0
2025-05-17T12:53:00,,,,,31.7
2025-05-17T13:20:00,,,,,32.2
2025-05-17T13:41:00,,,,,32.2
2025-05-17T13:53:00,,,,,32.2
2025-05-17T14:05:00,,,,,32.2
2025-05-17T14:53:00,,,,,32.2
2025-05-17T15:53:00,,,,,30.6
2025-05-17T16:34:00,,,,,30.0
2025-05-17T16:51:00,,,,,29.0
2025-05-17T16:53:00,,,,,28.9
2025-05-17T17:09:00,,,,,30.6
2025-05-17T17:25:00,,,,,28.9
2025-05-17T17:40:00,,,,,27.2
2025-05-17T17:53:00,,,,,25.6
2025-05-17T18:53:00,,,,,25.6
2025-05-17T19:53:00,,,,,25.0
2025-05-17T20:53:00,,,,,24.4
2025-05-17T21:53:00,,,,,23.9
2025-05-17T22:53:00,,,,,23.9
2025-05-17T23:53:00,,,,,23.3
2025-05-18T00:53:00,,,,,23.3
2025-05-18T01:53:00,,,,,25.0
2025-05-18T02:23:00,,,,,25.0
2025-05-18T02:53:00,,,,,25.0
2025-05-18T03:03:00,,,,,25.0
2025-05-18T03:30:00,,,,,25.0
2025-05-18T03:53:00,,,,,25.0
2025-05-18T04:53:00,,,,,24.4
2025-05-18T05:53:00,,,,,25.0
2025-05-18T06:53:00,,,,,25.6
2025-05-18T07:51:00,,,,,26.0
2025-05-18T07:53:00,,,,,26.7
2025-05-18T08:38:00,,,,,27.2
2025-05-18T08:53:00,,,,,27.2
2025-05-18T09:53:00,,,,,27.2
2025-05-18T10:16:00,,,,,27.8
2025-05-18T10:53:00,,,,,28.3
2025-05-18T11:29:00,,,,,28.3
2025-05-18T11:53:00,,,,,28.9
2025-05-18T12:27:00,,,,,28.3
2025-05-18T12:50:00,,,,,29.0
2025-05-18T12:53:00,,,,,29.4
2025-05-18T13:03:00,,,,,29.4
2025-05-18T13:34:00,,,,,28.9
2025-05-18T13:53:00,,,,,28.9
2025-05-18T14:02:00,,,,,28.9
2025-05-18T14:53:00,,,,,27.8
2025-05-18T15:36:00,,,,,28.3
2025-05-18T15:53:00,,,,,28.3
2025-05-18T16:03:00,,,,,28.9
2025-05-18T16:13:00,,,,,28.9
2025-05-18T16:53:00,,,,,27.8
2025-05-18T17:08:00,,,,,27.8
2025-05-18T17:51:00,,,,,27.0
2025-05-18T17:53:00,,,,,27.2
2025-05-18T18:11:00,,,,,27.2
2025-05-18T18:26:00,,,,,27.2
2025-05-18T18:53:00,,,,,26.7
2025-05-18T19:53:00,,,,,26.7
2025-05-18T20:13:00,,,,,26.7
2025-05-18T20:31:00,,,,,26.7
2025-05-18T20:53:00,,,,,26.7
2025-05-18T21:53:00,,,,,26.7
2025-05-18T22:53:00,,,,,26.1
2025-05-18T23:53:00,,,,,25.6
2025-05-19T00:40:00,,,,,25.6
2025-05-19T00:53:00,,,,,25.6
2025-05-19T01:53:00,,,,,25.0
2025-05-19T02:53:00,,,,,25.0
2025-05-19T03:53:00,,,,,24.4
2025-05-19T04:53:00,,,,,25.0
2025-05-19T05:31:00,,,,,25.0
2025-05-19T05:53:00,,,,,25.0
2025-05-19T06:05:00,,,,,25.0
2025-05-19T06:53:00,,,,,25.6
2025-05-19T07:53:00,,,,,25.6
2025-05-19T08:29:00,,,,,26.1
2025-05-19T08:53:00,,,,,26.1
2025-05-19T09:53:00,,,,,26.1
2025-05-19T10:44:00,,,,,26.7
2025-05-19T10:53:00,,,,,26.7
2025-05-19T11:53:00,,,,,28.3
2025-05-19T12:22:00,,,,,28.9
2025-05-19T12:29:00,,,,,28.3
2025-05-19T12:53:00,,,,,27.8
2025-05-19T13:41:00,,,,,29.4
2025-05-19T13:51:00,,,,,29.0
2025-05-19T13:53:00,,,,,28.3
2025-05-19T14:25:00,,,,,28.3
2025-05-19T14:53:00,,,,,29.4
2025-05-19T15:53:00,,,,,29.4
2025-05-19T16:53:00,,,,,29.4
2025-05-19T17:53:00,,,,,29.4
2025-05-19T18:53:00,,,,,28.9
2025-05-19T19:53:00,,,,,28.3
2025-05-19T20:53:00,,,,,27.2
2025-05-19T21:53:00,,,,,26.7
2025-05-19T22:53:00,,,,,26.1
2025-05-19T23:48:00,,,,,26.0
2025-05-19T23:51:00,,,,,26.0
2025-05-19T23:53:00,,,,,26.1
2025-05-20T00:01:00,,,,,26.1
2025-05-20T00:12:00,,,,,26.1
2025-05-20T00:53:00,,,,,26.1
2025-05-20T01:51:00,,,,,26.0
2025-05-20T01:53:00,,,,,25.6
2025-05-20T02:01:00,,,,,25.6
2025-05-20T02:53:00,,,,,25.6
2025-05-20T03:53:00,,,,,24.4
2025-05-20T04:16:00,,,,,24.4
2025-05-20T04:53:00,,,,,23.9
2025-05-20T05:53:00,,,,,23.9
2025-05-20T06:53:00,,,,,21.1
2025-05-20T07:53:00,,,,,22.2
2025-05-20T08:53:00,,,,,23.9
2025-05-20T09:53:00,,,,,25.0
2025-05-20T10:53:00,,,,,25.6
2025-05-20T11:53:00,,,,,27.2
2025-05-20T12:53:00,,,,,28.9
2025-05-20T13:53:00,,,,,29.4
2025-05-20T14:53:00,,,,,28.9
2025-05-20T15:53:00,,,,,28.9
2025-05-20T16:53:00,,,,,28.9
2025-05-20T17:53:00,,,,,28.3
2025-05-20T18:53:00,,,,,26.7
2025-05-20T19:53:00,,,,,22.8
2025-05-20T20:53:00,,,,,18.9
2025-05-20T21:53:00,,,,,17.2
2025-05-20T22:53:00,,,,,16.1
2025-05-20T23:53:00,,,,,15.0
2025-05-21T00:53:00,,,,,15.0
2025-05-21T01:53:00,,,,,14.4
2025-05-21T02:53:00,,,,,13.9
2025-05-21T03:53:00,,,,,13.3
2025-05-21T04:53:00,,,,,12.8
2025-05-21T05:53:00,,,,,13.9
2025-05-21T06:53:00,,,,,18.9
2025-05-21T07:53:00,,,,,21.7
2025-05-21T08:53:00,,,,,25.0
2025-05-21T09:53:00,,,,,28.3
2025-05-21T10:53:00,,,,,28.9
2025-05-21T11:53:00,,,,,28.9
2025-05-21T12:53:00,,,,,30.0
2025-05-21T13:53:00,,,,,31.7
2025-05-21T14:53:00,,,,,31.7
2025-05-21T15:53:00,,,,,31.7
2025-05-21T16:53:00,,,,,31.7
2025-05-21T17:53:00,,,,,30.6
2025-05-21T18:53:00,,,,,28.3
2025-05-21T19:53:00,,,,,24.4
2025-05-21T20:53:00,,,,,21.1
2025-05-21T21:53:00,,,,,18.3
2025-05-21T22:53:00,,,,,17.2
2025-05-21T23:53:00,,,,,18.9
2025-05-22T00:53:00,,,,,20.0
2025-05-22T01:53:00,,,,,20.6
2025-05-22T02:53:00,,,,,20.0
2025-05-22T03:53:00,,,,,20.6
2025-05-22T04:53:00,,,,,20.0
2025-05-22T05:16:00,,,,,19.4
2025-05-22T05:28:00,,,,,20.6
2025-05-22T05:53:00,,,,,21.1
2025-05-22T06:08:00,,,,,21.7
2025-05-22T06:53:00,,,,,21.7
2025-05-22T06:58:00,,,,,21.7
2025-05-22T07:13:00,,,,,22.2
2025-05-22T07:22:00,,,,,22.2
2025-05-22T07:42:00,,,,,22.8
2025-05-22T07:51:00,,,,,23.0
2025-05-22T07:53:00,,,,,22.8
2025-05-22T08:02:00,,,,,23.3
2025-05-22T08:19:00,,,,,23.9
2025-05-22T08:31:00,,,,,23.9
2025-05-22T08:53:00,,,,,23.9
2025-05-22T09:53:00,,,,,25.6
2025-05-22T10:21:00,,,,,27.2
2025-05-22T10:53:00,,,,,29.4
2025-05-22T11:53:00,,,,,30.6
2025-05-22T12:53:00,,,,,32.2
2025-05-22T13:53:00,,,,,32.2
2025-05-22T14:53:00,,,,,32.2
2025-05-22T15:53:00,,,,,31.1
2025-05-22T16:53:00,,,,,30.6
2025-05-22T17:53:00,,,,,30.0
2025-05-22T18:53:00,,,,,29.4
2025-05-22T19:53:00,,,,,27.8
2025-05-22T20:53:00,,,,,27.8
2025-05-22T21:53:00,,,,,27.8
2025-05-22T22:20:00,,,,,28.9
2025-05-22T22:53:00,,,,,28.3
2025-05-22T23:53:00,,,,,28.3
2025-05-23T00:53:00,,,,,27.8
2025-05-23T01:53:00,,,,,26.7
2025-05-23T02:53:00,,,,,25.0
2025-05-23T03:53:00,,,,,22.8
2025-05-23T04:53:00,,,,,20.6
2025-05-23T05:53:00,,,,,20.6
2025-05-23T06:53:00,,,,,22.8
2025-05-23T07:53:00,,,,,26.1
2025-05-23T08:53:00,,,,,28.9
2025-05-23T09:53:00,,,,,30.6
2025-05-23T10:53:00,,,,,32.2
2025-05-23T11:53:00,,,,,33.3
2025-05-23T12:53:00,,,,,33.3
2025-05-23T13:53:00,,,,,33.9
2025-05-23T14:53:00,,,,,34.4
2025-05-23T15:53:00,,,,,34.4
2025-05-23T16:53:00,,,,,33.9
2025-05-23T17:53:00,,,,,33.3
2025-05-23T18:53:00,,,,,32.2
2025-05-23T19:53:00,,,,,30.6
2025-05-23T20:53:00,,,,,30.0
2025-05-23T21:53:00,,,,,29.4
2025-05-23T22:53:00,,,,,28.9
2025-05-23T23:53:00,,,,,28.3
2025-05-24T00:53:00,,,,,27.2
2025-05-24T01:53:00,,,,,26.1
2025-05-24T02:53:00,,,,,25.6
2025-05-24T03:53:00,,,,,25.0
2025-05-24T04:27:00,,,,,25.0
2025-05-24T04:53:00,,,,,25.0
2025-05-24T05:05:00,,,,,25.0
2025-05-24T05:53:00,,,,,25.0
2025-05-24T06:03:00,,,,,25.0
2025-05-24T06:51:00,,,,,26.0
2025-05-24T06:53:00,,,,,26.1
2025-05-24T07:53:00,,,,,26.7
2025-05-24T08:03:00,,,,,26.7
2025-05-24T08:34:00,,,,,26.7
2025-05-24T08:53:00,,,,,27.2
2025-05-24T09:53:00,,,,,29.4
2025-05-24T10:10:00,,,,,30.0
2025-05-24T10:53:00,,,,,30.0
2025-05-24T11:53:00,,,,,31.7
2025-05-24T12:53:00,,,,,33.3
2025-05-24T13:53:00,,,,,33.3
2025-05-24T14:53:00,,,,,33.9
2025-05-24T15:53:00,,,,,33.9
2025-05-24T16:53:00,,,,,33.9
2025-05-24T17:53:00,,,,,33.3
2025-05-24T18:53:00,,,,,32.2
2025-05-24T19:53:00,,,,,30.0
2025-05-24T20:53:00,,,,,30.0
2025-05-24T21:53:00,,,,,29.4
2025-05-24T22:53:00,,,,,29.4
2025-05-24T23:53:00,,,,,28.3
2025-05-25T00:53:00,,,,,27.2
2025-05-25T01:53:00,,,,,26.7
2025-05-25T02:53:00,,,,,26.1
2025-05-25T03:53:00,,,,,25.6
2025-05-25T04:07:00,,,,,25.6
2025-05-25T04:19:00,,,,,25.0
2025-05-25T04:53:00,,,,,25.0
2025-05-25T05:53:00,,,,,24.4
2025-05-25T06:53:00,,,,,25.6
2025-05-25T07:28:00,,,,,26.1
2025-05-25T07:50:00,,,,,27.0
2025-05-25T07:53:00,,,,,26.7
2025-05-25T08:53:00,,,,,28.3
2025-05-25T09:37:00,,,,,29.4
2025-05-25T09:53:00,,,,,30.0
2025-05-25T10:53:00,,,,,31.7
2025-05-25T11:53:00,,,,,32.2
2025-05-25T12:53:00,,,,,33.9
2025-05-25T13:53:00,,,,,35.0
2025-05-25T14:53:00,,,,,35.0
2025-05-25T15:53:00,,,,,35.0
2025-05-25T16:53:00,,,,,34.4
2025-05-25T17:53:00,,,,,33.3
2025-05-25T18:53:00,,,,,31.7
2025-05-25T19:53:00,,,,,30.6
2025-05-25T20:53:00,,,,,30.0
2025-05-25T21:53:00,,,,,29.4
2025-05-25T22:53:00,,,,,28.9
2025-05-25T23:53:00,,,,,28.3
2025-05-26T00:53:00,,,,,27.8
2025-05-26T01:37:00,,,,,23.3
2025-05-26T01:49:00,,,,,22.0
2025-05-26T01:53:00,,,,,21.7
2025-05-26T02:00:00,,,,,21.1
2025-05-26T02:05:00,,,,,19.4
2025-05-26T02:14:00,,,,,18.9
2025-05-26T02:23:00,,,,,18.9
2025-05-26T02:34:00,,,,,18.9
2025-05-26T02:49:00,,,,,19.0
2025-05-26T02:53:00,,,,,19.4
2025-05-26T03:04:00,,,,,19.4
2025-05-26T03:13:00,,,,,19.4
2025-05-26T03:43:00,,,,,20.0
2025-05-26T03:51:00,,,,,20.0
2025-05-26T03:53:00,,,,,20.0
2025-05-26T04:05:00,,,,,20.0
2025-05-26T04:27:00,,,,,20.0
2025-05-26T04:32:00,,,,,20.0
2025-05-26T04:53:00,,,,,20.0
2025-05-26T05:05:00,,,,,20.0
2025-05-26T05:43:00,,,,,20.0
2025-05-26T05:53:00,,,,,20.6
2025-05-26T06:53:00,,,,,20.6
2025-05-26T07:43:00,,,,,20.0
2025-05-26T07:53:00,,,,,20.0
2025-05-26T08:27:00,,,,,20.6
2025-05-26T08:51:00,,,,,21.0
2025-05-26T08:53:00,,,,,20.6
2025-05-26T09:53:00,,,,,21.1
2025-05-26T10:21:00,,,,,21.7
2025-05-26T10:50:00,,,,,22.0
2025-05-26T10:53:00,,,,,22.2
2025-05-26T11:45:00,,,,,22.8
2025-05-26T11:53:00,,,,,22.2
2025-05-26T12:27:00,,,,,22.2
2025-05-26T12:44:00,,,,,22.2
2025-05-26T12:53:00,,,,,22.2
2025-05-26T13:08:00,,,,,21.7
2025-05-26T13:26:00,,,,,21.7
2025-05-26T13:38:00,,,,,21.7
2025-05-26T13:53:00,,,,,21.7
2025-05-26T14:35:00,,,,,21.7
2025-05-26T14:45:00,,,,,21.7
2025-05-26T14:53:00,,,,,21.7
2025-05-26T15:53:00,,,,,21.7
2025-05-26T15:57:00,,,,,21.7
2025-05-26T16:07:00,,,,,21.7
2025-05-26T16:36:00,,,,,21.1
2025-05-26T16:48:00,,,,,21.0
2025-05-26T16:53:00,,,,,21.1
2025-05-26T16:56:00,,,,,21.1
2025-05-26T17:04:00,,,,,21.7
2025-05-26T17:25:00,,,,,21.7
2025-05-26T17:33:00,,,,,21.1
2025-05-26T17:36:00,,,,,21.1
2025-05-26T17:44:00,,,,,21.1
2025-05-26T17:53:00,,,,,21.1
2025-05-26T18:11:00,,,,,21.1
2025-05-26T18:17:00,,,,,21.1
2025-05-26T18:27:00,,,,,21.1
2025-05-26T18:53:00,,,,,21.1
2025-05-26T19:53:00,,,,,21.1
2025-05-26T20:18:00,,,,,21.7
2025-05-26T20:26:00,,,,,21.7
2025-05-26T20:53:00,,,,,21.1
2025-05-26T21:07:00,,,,,21.1
2025-05-26T21:53:00,,,,,21.1
2025-05-26T22:13:00,,,,,21.1
2025-05-26T22:53:00,,,,,21.1
2025-05-26T23:03:00,,,,,21.1
2025-05-26T23:53:00,,,,,21.1
2025-05-27T00:28:00,,,,,21.1
2025-05-27T00:53:00,,,,,21.1
2025-05-27T01:53:00,,,,,20.6
2025-05-27T02:53:00,,,,,20.0
2025-05-27T03:53:00,,,,,19.4
2025-05-27T04:53:00,,,,,19.4
2025-05-27T05:53:00,,,,,19.4
2025-05-27T06:53:00,,,,,21.1
2025-05-27T07:21:00,,,,,21.7
2025-05-27T07:34:00,,,,,21.7
2025-05-27T07:53:00,,,,,21.7
2025-05-27T08:13:00,,,,,22.2
2025-05-27T08:20:00,,,,,22.2
2025-05-27T08:51:00,,,,,23.0
2025-05-27T08:53:00,,,,,23.3
2025-05-27T09:53:00,,,,,25.6
2025-05-27T10:53:00,,,,,25.6
2025-05-27T11:53:00,,,,,26.7
2025-05-27T12:53:00,,,,,27.2
2025-05-27T13:53:00,,,,,28.3
2025-05-27T14:53:00,,,,,29.4
2025-05-27T15:53:00,,,,,28.3
2025-05-27T16:53:00,,,,,29.4
2025-05-27T17:53:00,,,,,28.9
2025-05-27T18:53:00,,,,,27.8
2025-05-27T19:53:00,,,,,26.1
2025-05-27T20:53:00,,,,,25.0
2025-05-27T21:53:00,,,,,23.9
2025-05-27T22:53:00,,,,,23.9
2025-05-27T23:53:00,,,,,22.2
2025-05-28T00:53:00,,,,,21.7
2025-05-28T01:53:00,,,,,23.3
2025-05-28T02:53:00,,,,,22.8
2025-05-28T03:53:00,,,,,22.2
2025-05-28T04:53:00,,,,,22.2
2025-05-28T05:53:00,,,,,21.7
2025-05-28T06:53:00,,,,,22.2
2025-05-28T07:53:00,,,,,22.2
2025-05-28T08:53:00,,,,,22.8
2025-05-28T09:53:00,,,,,22.8
2025-05-28T10:53:00,,,,,24.4
2025-05-28T11:07:00,,,,,23.9
2025-05-28T11:34:00,,,,,23.9
2025-05-28T11:53:00,,,,,23.9
2025-05-28T12:53:00,,,,,25.0
2025-05-28T13:53:00,,,,,26.1
2025-05-28T14:53:00,,,,,25.0
2025-05-28T15:53:00,,,,,25.0
2025-05-28T16:53:00,,,,,24.4
2025-05-28T17:53:00,,,,,24.4
2025-05-28T18:53:00,,,,,23.3
2025-05-28T19:53:00,,,,,21.1
2025-05-28T20:53:00,,,,,20.6
2025-05-28T21:53:00,,,,,20.6
2025-05-28T22:53:00,,,,,20.6
2025-05-28T23:53:00,,,,,20.0
2025-05-29T00:53:00,,,,,19.4
2025-05-29T01:53:00,,,,,19.4
2025-05-29T02:00:00,,,,,19.4
2025-05-29T02:53:00,,,,,20.6
2025-05-29T03:12:00,,,,,20.6
2025-05-29T03:53:00,,,,,20.6
2025-05-29T04:51:00,,,,,21.0
2025-05-29T04:53:00,,,,,21.1
2025-05-29T05:53:00,,,,,21.1
2025-05-29T06:53:00,,,,,21.1
2025-05-29T07:53:00,,,,,21.1
2025-05-29T08:53:00,,,,,21.7
2025-05-29T09:51:00,,,,,23.0
2025-05-29T09:53:00,,,,,23.3
2025-05-29T10:38:00,,,,,25.0
2025-05-29T10:53:00,,,,,26.1
2025-05-29T11:16:00,,,,,26.1
2025-05-29T11:53:00,,,,,27.2
2025-05-29T12:05:00,,,,,26.7
2025-05-29T12:49:00,,,,,28.0
2025-05-29T12:53:00,,,,,27.8
2025-05-29T13:31:00,,,,,27.8
2025-05-29T13:53:00,,,,,28.3
2025-05-29T14:53:00,,,,,29.4
2025-05-29T15:53:00,,,,,29.4
2025-05-29T16:53:00,,,,,30.0
2025-05-29T17:53:00,,,,,30.0
2025-05-29T18:53:00,,,,,28.3
2025-05-29T19:53:00,,,,,27.8
2025-05-29T20:53:00,,,,,26.7
2025-05-29T21:53:00,,,,,26.7
2025-05-29T22:53:00,,,,,26.1
2025-05-29T23:51:00,,,,,26.0
2025-05-29T23:53:00,,,,,26.1
2025-05-30T00:24:00,,,,,25.6
2025-05-30T00:34:00,,,,,25.0
2025-05-30T00:42:00,,,,,23.9
2025-05-30T00:51:00,,,,,23.0
2025-05-30T00:53:00,,,,,23.3
2025-05-30T01:29:00,,,,,22.2
2025-05-30T01:48:00,,,,,21.0
2025-05-30T01:53:00,,,,,21.1
2025-05-30T02:06:00,,,,,20.6
2025-05-30T02:27:00,,,,,20.6
2025-05-30T02:53:00,,,,,20.0
2025-05-30T03:10:00,,,,,20.0
2025-05-30T03:25:00,,,,,20.0
2025-05-30T03:53:00,,,,,20.0
2025-05-30T04:05:00,,,,,20.0
2025-05-30T04:28:00,,,,,20.0
2025-05-30T04:53:00,,,,,19.4
2025-05-30T05:53:00,,,,,19.4
2025-05-30T06:35:00,,,,,19.4
2025-05-30T06:44:00,,,,,19.4
2025-05-30T06:53:00,,,,,19.4
2025-05-30T07:53:00,,,,,20.6
2025-05-30T08:53:00,,,,,22.2
2025-05-30T09:53:00,,,,,23.9
2025-05-30T10:53:00,,,,,25.0
2025-05-30T11:53:00,,,,,25.6
2025-05-30T12:53:00,,,,,26.7
2025-05-30T13:53:00,,,,,27.8
2025-05-30T14:53:00,,,,,28.9
2025-05-30T15:53:00,,,,,28.9
2025-05-30T16:53:00,,,,,28.3
2025-05-30T17:53:00,,,,,28.3
2025-05-30T18:53:00,,,,,26.7
2025-05-30T19:53:00,,,,,24.4
2025-05-30T20:53:00,,,,,23.3
2025-05-30T21:53:00,,,,,21.1
2025-05-30T22:53:00,,,,,20.0
2025-05-30T23:53:00,,,,,18.9
2025-05-31T00:53:00,,,,,18.3
2025-05-31T01:53:00,,,,,17.8
2025-05-31T02:53:00,,,,,17.2
2025-05-31T03:53:00,,,,,16.7
2025-05-31T04:53:00,,,,,16.7
2025-05-31T05:53:00,,,,,17.2
2025-05-31T06:53:00,,,,,21.1
2025-05-31T07:53:00,,,,,23.9
2025-05-31T08:53:00,,,,,25.6
2025-05-31T09:53:00,,,,,26.7
2025-05-31T10:53:00,,,,,27.2
2025-05-31T11:53:00,,,,,28.3
2025-05-31T12:53:00,,,,,29.4
2025-05-31T13:53:00,,,,,30.6
2025-05-31T14:53:00,,,,,30.6
2025-05-31T15:53:00,,,,,30.0
2025-05-31T16:53:00,,,,,30.6
2025-05-31T17:53:00,,,,,30.0
2025-05-31T18:53:00,,,,,28.9
2025-05-31T19:53:00,,,,,26.7
2025-05-31T20:53:00,,,,,25.0
2025-05-31T21:53:00,,,,,24.4
2025-05-31T22:53:00,,,,,23.9
2025-05-31T23:53:00,,,,,22.8
2025-06-01T00:53:00,,,,,22.8
2025-06-01T01:53:00,,,,,22.2
2025-06-01T02:53:00,,,,,21.7
2025-06-01T03:53:00,,,,,21.1
2025-06-01T04:53:00,,,,,20.6
2025-06-01T05:53:00,,,,,21.1
2025-06-01T06:53:00,,,,,22.2
2025-06-01T07:53:00,,,,,24.4
2025-06-01T08:53:00,,,,,26.7
2025-06-01T09:53:00,,,,,26.7
2025-06-01T10:53:00,,,,,27.8
2025-06-01T11:53:00,,,,,28.3
2025-06-01T12:53:00,,,,,29.4
2025-06-01T13:53:00,,,,,30.6
2025-06-01T14:53:00,,,,,31.1
2025-06-01T15:53:00,,,,,31.1
2025-06-01T16:53:00,,,,,30.6
2025-06-01T17:51:00,,,,,29.0
2025-06-01T17:53:00,,,,,29.4
2025-06-01T18:13:00,,,,,28.9
2025-06-01T18:34:00,,,,,25.0
2025-06-01T18:41:00,,,,,22.8
2025-06-01T18:51:00,,,,,23.0
2025-06-01T18:53:00,,,,,23.3
2025-06-01T19:14:00,,,,,23.9
2025-06-01T19:38:00,,,,,23.9
2025-06-01T19:53:00,,,,,24.4
2025-06-01T20:15:00,,,,,23.9
2025-06-01T20:30:00,,,,,23.9
2025-06-01T20:53:00,,,,,24.4
2025-06-01T21:53:00,,,,,23.9
2025-06-01T22:10:00,,,,,23.9
2025-06-01T22:20:00,,,,,23.9
2025-06-01T22:51:00,,,,,24.0
2025-06-01T22:53:00,,,,,23.9
2025-06-01T23:53:00,,,,,23.3
2025-06-02T00:53:00,,,,,23.3
2025-06-02T01:53:00,,,,,23.3
2025-06-02T02:04:00,,,,,23.3
2025-06-02T02:48:00,,,,,23.0
2025-06-02T02:53:00,,,,,23.3
2025-06-02T03:53:00,,,,,23.3
2025-06-02T04:53:00,,,,,23.3
2025-06-02T05:53:00,,,,,23.3
2025-06-02T06:53:00,,,,,24.4
2025-06-02T07:53:00,,,,,25.6
2025-06-02T08:53:00,,,,,27.2
2025-06-02T09:53:00,,,,,28.3
2025-06-02T10:53:00,,,,,30.0
2025-06-02T11:53:00,,,,,32.2
2025-06-02T12:53:00,,,,,33.3
2025-06-02T13:53:00,,,,,33.9
2025-06-02T14:53:00,,,,,33.9
2025-06-02T15:53:00,,,,,33.9
2025-06-02T16:53:00,,,,,33.3
2025-06-02T17:53:00,,,,,31.7
2025-06-02T18:53:00,,,,,31.7
2025-06-02T19:53:00,,,,,30.0
2025-06-02T20:53:00,,,,,28.9
2025-06-02T21:53:00,,,,,28.9
2025-06-02T22:53:00,,,,,28.3
2025-06-02T23:53:00,,,,,27.8
2025-06-03T00:53:00,,,,,26.7
2025-06-03T01:53:00,,,,,26.1
2025-06-03T02:53:00,,,,,25.0
2025-06-03T03:53:00,,,,,24.4
2025-06-03T04:09:00,,,,,24.4
2025-06-03T04:50:00,,,,,24.0
2025-06-03T04:53:00,,,,,23.9
2025-06-03T05:53:00,,,,,23.9
2025-06-03T06:53:00,,,,,24.4
2025-06-03T07:53:00,,,,,25.6
2025-06-03T08:01:00,,,,,25.6
2025-06-03T08:51:00,,,,,26.0
2025-06-03T08:53:00,,,,,26.1
2025-06-03T09:53:00,,,,,27.8
2025-06-03T10:34:00,,,,,28.9
2025-06-03T10:53:00,,,,,28.9
2025-06-03T11:53:00,,,,,31.7
2025-06-03T12:53:00,,,,,32.2
2025-06-03T13:53:00,,,,,32.2
2025-06-03T14:53:00,,,,,31.7
2025-06-03T15:53:00,,,,,32.2
2025-06-03T16:53:00,,,,,31.7
2025-06-03T17:53:00,,,,,31.1
2025-06-03T18:53:00,,,,,30.0
2025-06-03T19:53:00,,,,,29.4
2025-06-03T20:53:00,,,,,29.4
2025-06-03T21:36:00,,,,,28.3
2025-06-03T21:46:00,,,,,27.2
2025-06-03T21:53:00,,,,,26.1
2025-06-03T21:58:00,,,,,22.8
2025-06-03T22:00:00,,,,,22.8
2025-06-03T22:12:00,,,,,22.2
2025-06-03T22:19:00,,,,,22.8
2025-06-03T22:50:00,,,,,23.0
2025-06-03T22:51:00,,,,,23.0
2025-06-03T22:53:00,,,,,23.3
2025-06-03T23:07:00,,,,,23.3
2025-06-03T23:53:00,,,,,23.3
2025-06-04T00:53:00,,,,,23.3
2025-06-04T01:01:00,,,,,23.3
2025-06-04T01:53:00,,,,,23.3
2025-06-04T02:53:00,,,,,23.3
2025-06-04T03:19:00,,,,,23.3
2025-06-04T03:46:00,,,,,22.8
2025-06-04T03:53:00,,,,,22.8
2025-06-04T04:14:00,,,,,22.2
2025-06-04T04:33:00,,,,,22.2
2025-06-04T04:53:00,,,,,21.7
2025-06-04T05:31:00,,,,,21.7
2025-06-04T05:53:00,,,,,21.1
2025-06-04T06:53:00,,,,,20.0
2025-06-04T07:49:00,,,,,20.0
2025-06-04T07:53:00,,,,,20.0
2025-06-04T08:53:00,,,,,21.1
2025-06-04T09:05:00,,,,,21.1
2025-06-04T09:28:00,,,,,21.1
2025-06-04T09:53:00,,,,,21.7
2025-06-04T10:12:00,,,,,21.7
2025-06-04T10:20:00,,,,,21.7
2025-06-04T10:43:00,,,,,22.8
2025-06-04T10:53:00,,,,,22.8
2025-06-04T11:53:00,,,,,23.9
2025-06-04T12:20:00,,,,,23.9
2025-06-04T12:53:00,,,,,25.6
2025-06-04T13:53:00,,,,,26.1
2025-06-04T14:53:00,,,,,26.7
2025-06-04T15:53:00,,,,,27.2
2025-06-04T16:53:00,,,,,27.8
2025-06-04T17:53:00,,,,,27.8
2025-06-04T18:53:00,,,,,26.7
2025-06-04T19:53:00,,,,,25.6
2025-06-04T20:53:00,,,,,25.0
2025-06-04T21:53:00,,,,,24.4
2025-06-04T22:17:00,,,,,24.4
2025-06-04T22:53:00,,,,,24.4
2025-06-04T23:08:00,,,,,24.4
2025-06-04T23:50:00,,,,,24.0
2025-06-04T23:53:00,,,,,24.4
2025-06-05T00:53:00,,,,,23.9
2025-06-05T01:53:00,,,,,23.9
2025-06-05T02:53:00,,,,,23.9
2025-06-05T03:53:00,,,,,23.9
2025-06-05T04:23:00,,,,,23.9
2025-06-05T04:53:00,,,,,23.9
2025-06-05T05:53:00,,,,,23.9
2025-06-05T06:53:00,,,,,23.9
2025-06-05T07:53:00,,,,,24.4
2025-06-05T08:53:00,,,,,24.4
2025-06-05T09:53:00,,,,,23.9
2025-06-05T10:53:00,,,,,24.4
2025-06-05T11:35:00,,,,,26.1
2025-06-05T11:43:00,,,,,25.6
2025-06-05T11:53:00,,,,,26.7
2025-06-05T12:53:00,,,,,28.9
2025-06-05T13:53:00,,,,,31.1
2025-06-05T14:53:00,,,,,32.2
2025-06-05T15:53:00,,,,,32.2
2025-06-05T16:53:00,,,,,32.2
2025-06-05T17:53:00,,,,,32.8
2025-06-05T18:53:00,,,,,31.1
2025-06-05T19:53:00,,,,,30.0
2025-06-05T20:53:00,,,,,29.4
2025-06-05T21:53:00,,,,,28.3
2025-06-05T22:53:00,,,,,28.3
2025-06-05T23:53:00,,,,,28.3
2025-06-06T00:53:00,,,,,27.8
2025-06-06T01:53:00,,,,,27.2
2025-06-06T02:53:00,,,,,27.2
2025-06-06T03:53:00,,,,,26.7
2025-06-06T04:53:00,,,,,26.1
2025-06-06T05:53:00,,,,,26.1
2025-06-06T06:53:00,,,,,26.1
2025-06-06T07:53:00,,,,,27.8
2025-06-06T08:53:00,,,,,28.3
2025-06-06T09:53:00,,,,,29.4
2025-06-06T10:53:00,,,,,31.1
2025-06-06T11:53:00,,,,,31.7
2025-06-06T12:53:00,,,,,32.2
2025-06-06T13:53:00,,,,,33.3
2025-06-06T14:53:00,,,,,32.8
2025-06-06T15:53:00,,,,,33.3
2025-06-06T16:53:00,,,,,33.3
2025-06-06T17:53:00,,,,,32.8
2025-06-06T18:53:00,,,,,31.7
2025-06-06T19:53:00,,,,,30.0
2025-06-06T20:53:00,,,,,28.3
2025-06-06T21:53:00,,,,,28.3
2025-06-06T22:53:00,,,,,27.2
2025-06-06T23:53:00,,,,,27.8
2025-06-07T00:53:00,,,,,28.3
2025-06-07T01:53:00,,,,,27.2
2025-06-07T02:53:00,,,,,26.7
2025-06-07T03:53:00,,,,,26.7
2025-06-07T04:53:00,,,,,26.1
2025-06-07T05:53:00,,,,,26.1
2025-06-07T06:53:00,,,,,26.7
2025-06-07T07:32:00,,,,,27.2
2025-06-07T07:53:00,,,,,27.8
2025-06-07T08:03:00,,,,,27.8
2025-06-07T08:53:00,,,,,28.3
2025-06-07T09:27:00,,,,,29.4
2025-06-07T09:53:00,,,,,30.6
2025-06-07T10:53:00,,,,,31.7
2025-06-07T11:53:00,,,,,32.8
2025-06-07T12:53:00,,,,,32.8
2025-06-07T13:53:00,,,,,32.8
2025-06-07T14:53:00,,,,,33.3
2025-06-07T15:53:00,,,,,33.9
2025-06-07T16:53:00,,,,,33.9
2025-06-07T17:53:00,,,,,33.9
2025-06-07T18:53:00,,,,,32.8
2025-06-07T19:53:00,,,,,31.7
2025-06-07T20:53:00,,,,,30.6
2025-06-07T21:53:00,,,,,30.6
2025-06-07T22:53:00,,,,,30.0
2025-06-07T23:53:00,,,,,28.9
2025-06-08T00:53:00,,,,,28.3
2025-06-08T01:53:00,,,,,27.8
2025-06-08T02:53:00,,,,,26.7
2025-06-08T03:53:00,,,,,26.1
2025-06-08T04:53:00,,,,,25.6
2025-06-08T05:53:00,,,,,25.0
2025-06-08T06:53:00,,,,,26.1
2025-06-08T07:53:00,,,,,27.8
2025-06-08T08:53:00,,,,,28.9
2025-06-08T09:53:00,,,,,28.9
2025-06-08T10:53:00,,,,,30.6
2025-06-08T11:53:00,,,,,32.2
2025-06-08T12:53:00,,,,,33.3
2025-06-08T13:53:00,,,,,34.4
2025-06-08T14:53:00,,,,,35.0
2025-06-08T15:53:00,,,,,35.0
2025-06-08T16:53:00,,,,,33.3
2025-06-08T17:53:00,,,,,33.3
2025-06-08T18:53:00,,,,,32.8
2025-06-08T19:53:00,,,,,31.7
2025-06-08T20:53:00,,,,,31.1
2025-06-08T21:38:00,,,,,30.6
2025-06-08T21:53:00,,,,,28.3
2025-06-08T22:08:00,,,,,24.4
2025-06-08T22:30:00,,,,,21.7
2025-06-08T22:42:00,,,,,21.7
2025-06-08T22:51:00,,,,,22.0
2025-06-08T22:53:00,,,,,21.7
2025-06-08T23:06:00,,,,,21.7
2025-06-08T23:14:00,,,,,21.7
2025-06-08T23:22:00,,,,,22.2
2025-06-08T23:51:00,,,,,23.0
2025-06-08T23:53:00,,,,,22.8
2025-06-09T00:08:00,,,,,22.2
2025-06-09T00:16:00,,,,,22.2
2025-06-09T00:49:00,,,,,22.0
2025-06-09T00:53:00,,,,,22.2
2025-06-09T01:11:00,,,,,22.2
2025-06-09T01:25:00,,,,,22.2
2025-06-09T01:33:00,,,,,22.2
2025-06-09T01:53:00,,,,,22.2
2025-06-09T02:08:00,,,,,21.7
2025-06-09T02:53:00,,,,,21.7
2025-06-09T03:53:00,,,,,21.1
2025-06-09T04:44:00,,,,,21.7
2025-06-09T04:53:00,,,,,21.1
2025-06-09T05:53:00,,,,,21.1
2025-06-09T06:05:00,,,,,21.1
2025-06-09T06:53:00,,,,,22.2
2025-06-09T07:53:00,,,,,22.8
2025-06-09T08:53:00,,,,,25.0
2025-06-09T09:53:00,,,,,27.2
2025-06-09T10:53:00,,,,,28.3
2025-06-09T11:53:00,,,,,30.0
2025-06-09T12:53:00,,,,,30.6
2025-06-09T13:53:00,,,,,31.7
2025-06-09T14:53:00,,,,,31.1
2025-06-09T15:53:00,,,,,32.2
2025-06-09T16:53:00,,,,,32.2
2025-06-09T17:53:00,,,,,31.7
2025-06-09T18:53:00,,,,,30.0
2025-06-09T19:53:00,,,,,27.8
2025-06-09T20:53:00,,,,,27.2
2025-06-09T21:53:00,,,,,25.6
2025-06-09T22:53:00,,,,,24.4
2025-06-09T23:53:00,,,,,23.3
2025-06-10T00:53:00,,,,,23.3
2025-06-10T01:53:00,,,,,22.8
2025-06-10T02:53:00,,,,,22.8
2025-06-10T03:53:00,,,,,22.8
2025-06-10T04:53:00,,,,,22.8
2025-06-10T05:53:00,,,,,22.8
2025-06-10T06:53:00,,,,,26.1
2025-06-10T07:53:00,,,,,26.1
2025-06-10T08:53:00,,,,,26.1
2025-06-10T09:03:00,,,,,25.6
2025-06-10T09:18:00,,,,,25.6
2025-06-10T09:38:00,,,,,25.0
2025-06-10T09:53:00,,,,,23.9
2025-06-10T10:34:00,,,,,23.3
2025-06-10T10:39:00,,,,,23.9
2025-06-10T10:48:00,,,,,22.0
2025-06-10T10:49:00,,,,,21.7
2025-06-10T11:04:00,,,,,21.1
2025-06-10T11:15:00,,,,,20.6
2025-06-10T11:53:00,,,,,21.1
2025-06-10T12:51:00,,,,,22.0
2025-06-10T12:53:00,,,,,22.2
2025-06-10T13:07:00,,,,,22.8
2025-06-10T13:53:00,,,,,23.9
2025-06-10T14:53:00,,,,,25.6
2025-06-10T15:53:00,,,,,26.7
2025-06-10T16:53:00,,,,,27.2
2025-06-10T17:53:00,,,,,27.2
2025-06-10T18:53:00,,,,,26.1
2025-06-10T19:53:00,,,,,25.0
2025-06-10T20:53:00,,,,,23.3
2025-06-10T21:53:00,,,,,22.8
2025-06-10T22:53:00,,,,,22.2
2025-06-10T23:53:00,,,,,21.7
2025-06-11T00:53:00,,,,,22.2
2025-06-11T01:53:00,,,,,22.2
2025-06-11T02:53:00,,,,,22.8
2025-06-11T03:28:00,,,,,22.8
2025-06-11T03:53:00,,,,,22.8
2025-06-11T04:30:00,,,,,22.8
2025-06-11T04:51:00,,,,,23.0
2025-06-11T04:53:00,,,,,22.8
2025-06-11T05:00:00,,,,,22.2
2025-06-11T05:14:00,,,,,22.2
2025-06-11T05:25:00,,,,,22.2
2025-06-11T05:53:00,,,,,22.2
2025-06-11T06:04:00,,,,,22.8
2025-06-11T06:53:00,,,,,22.2
2025-06-11T07:42:00,,,,,22.2
2025-06-11T07:51:00,,,,,22.0
2025-06-11T07:53:00,,,,,22.2
2025-06-11T08:53:00,,,,,23.3
2025-06-11T09:49:00,,,,,24.0
2025-06-11T09:53:00,,,,,23.9
2025-06-11T10:43:00,,,,,24.4
2025-06-11T10:53:00,,,,,24.4
2025-06-11T11:53:00,,,,,24.4
2025-06-11T12:15:00,,,,,25.0
2025-06-11T12:53:00,,,,,25.6
2025-06-11T13:11:00,,,,,26.1
2025-06-11T13:22:00,,,,,25.6
2025-06-11T13:53:00,,,,,25.6
2025-06-11T14:24:00,,,,,26.1
2025-06-11T14:33:00,,,,,25.6
2025-06-11T14:53:00,,,,,25.0
2025-06-11T15:17:00,,,,,24.4
2025-06-11T15:53:00,,,,,23.3
2025-06-11T16:53:00,,,,,23.3
2025-06-11T17:51:00,,,,,24.0
2025-06-11T17:53:00,,,,,23.9
2025-06-11T18:06:00,,,,,23.9
2025-06-11T18:53:00,,,,,23.3
2025-06-11T19:24:00,,,,,23.3
2025-06-11T19:53:00,,,,,23.3
2025-06-11T20:01:00,,,,,23.3
2025-06-11T20:31:00,,,,,22.8
2025-06-11T20:53:00,,,,,22.8
2025-06-11T21:02:00,,,,,22.8
2025-06-11T21:53:00,,,,,23.3
2025-06-11T22:53:00,,,,,23.3
2025-06-11T23:53:00,,,,,22.8
2025-06-12T00:31:00,,,,,22.8
2025-06-12T00:53:00,,,,,22.8
2025-06-12T01:34:00,,,,,22.8
2025-06-12T01:53:00,,,,,22.8
2025-06-12T02:01:00,,,,,22.8
2025-06-12T02:10:00,,,,,22.8
2025-06-12T02:40:00,,,,,22.8
2025-06-12T02:49:00,,,,,23.0
2025-06-12T02:53:00,,,,,22.8
2025-06-12T03:06:00,,,,,22.2
2025-06-12T03:15:00,,,,,22.2
2025-06-12T03:22:00,,,,,22.2
2025-06-12T03:31:00,,,,,22.2
2025-06-12T03:48:00,,,,,22.0
2025-06-12T03:53:00,,,,,22.2
2025-06-12T04:53:00,,,,,21.7
2025-06-12T05:21:00,,,,,21.7
2025-06-12T05:53:00,,,,,21.7
2025-06-12T06:04:00,,,,,21.7
2025-06-12T06:13:00,,,,,21.7
2025-06-12T06:53:00,,,,,21.7
2025-06-12T07:32:00,,,,,22.2
2025-06-12T07:40:00,,,,,22.2
2025-06-12T07:53:00,,,,,22.8
2025-06-12T08:07:00,,,,,22.2
2025-06-12T08:11:00,,,,,22.8
2025-06-12T08:53:00,,,,,22.8
2025-06-12T09:09:00,,,,,23.3
2025-06-12T09:53:00,,,,,23.9
2025-06-12T10:06:00,,,,,23.9
2025-06-12T10:50:00,,,,,24.0
2025-06-12T10:53:00,,,,,23.9
2025-06-12T11:51:00,,,,,25.0
2025-06-12T11:53:00,,,,,25.0
2025-06-12T12:19:00,,,,,25.6
2025-06-12T12:51:00,,,,,26.0
2025-06-12T12:53:00,,,,,26.1
2025-06-12T13:00:00,,,,,26.1
2025-06-12T13:18:00,,,,,26.1
2025-06-12T13:53:00,,,,,27.2
2025-06-12T14:53:00,,,,,27.8
2025-06-12T15:53:00,,,,,28.3
2025-06-12T16:53:00,,,,,28.3
2025-06-12T17:53:00,,,,,28.3
2025-06-12T18:53:00,,,,,27.2
2025-06-12T19:53:00,,,,,25.0
2025-06-12T20:53:00,,,,,24.4
2025-06-12T21:53:00,,,,,23.9
2025-06-12T22:53:00,,,,,22.8
2025-06-12T23:53:00,,,,,23.3
2025-06-13T05:55:00,,,,,21.1
2025-06-13T06:53:00,,,,,21.1
2025-06-13T07:11:00,,,,,21.1
2025-06-13T07:53:00,,,,,21.1
2025-06-13T08:53:00,,,,,22.2
2025-06-13T09:00:00,,,,,23.9
2025-06-13T09:53:00,,,,,25.0
2025-06-13T11:00:00,,,,,28.0
2025-06-13T11:30:00,,,,,29.4
2025-06-13T11:53:00,,,,,30.0
2025-06-13T12:53:00,,,,,31.1
2025-06-13T13:53:00,,,,,32.2
2025-06-13T14:53:00,,,,,32.2
2025-06-13T15:53:00,,,,,33.3
2025-06-13T16:53:00,,,,,32.2
2025-06-13T17:53:00,,,,,31.7
2025-06-13T18:53:00,,,,,31.7
2025-06-13T19:53:00,,,,,29.4
2025-06-13T20:53:00,,,,,28.3
2025-06-13T21:53:00,,,,,27.2
2025-06-13T22:53:00,,,,,26.1
2025-06-13T23:53:00,,,,,25.6
2025-06-14T00:53:00,,,,,25.0
2025-06-14T01:53:00,,,,,24.4
2025-06-14T02:53:00,,,,,23.9
2025-06-14T03:53:00,,,,,23.9
2025-06-14T04:53:00,,,,,23.9
2025-06-14T05:53:00,,,,,23.3
2025-06-14T06:53:00,,,,,25.0
2025-06-14T07:53:00,,,,,26.7
2025-06-14T08:53:00,,,,,28.3
2025-06-14T09:53:00,,,,,30.0
2025-06-14T10:23:00,,,,,30.6
2025-06-14T10:53:00,,,,,31.1
2025-06-14T11:53:00,,,,,31.7
2025-06-14T12:02:00,,,,,31.7
2025-06-14T12:11:00,,,,,32.2
2025-06-14T12:19:00,,,,,32.2
2025-06-14T12:53:00,,,,,32.2
2025-06-14T13:53:00,,,,,32.8
2025-06-14T14:53:00,,,,,32.8
2025-06-14T15:53:00,,,,,33.3
2025-06-14T16:53:00,,,,,33.9
2025-06-14T17:53:00,,,,,33.3
2025-06-14T18:53:00,,,,,31.1
2025-06-14T19:53:00,,,,,29.4
2025-06-14T20:53:00,,,,,28.3
2025-06-14T21:53:00,,,,,27.8
2025-06-14T22:53:00,,,,,27.2
2025-06-14T23:53:00,,,,,26.7
2025-06-15T00:53:00,,,,,25.6
2025-06-15T01:53:00,,,,,25.6
2025-06-15T02:53:00,,,,,25.0
2025-06-15T03:05:00,,,,,25.0
2025-06-15T03:51:00,,,,,26.0
2025-06-15T03:53:00,,,,,25.6
2025-06-15T04:53:00,,,,,25.0
2025-06-15T05:04:00,,,,,25.0
2025-06-15T05:53:00,,,,,25.0
2025-06-15T06:53:00,,,,,26.1
2025-06-15T07:53:00,,,,,27.8
2025-06-15T08:11:00,,,,,27.8
2025-06-15T08:53:00,,,,,28.3
2025-06-15T09:38:00,,,,,23.9
2025-06-15T09:49:00,,,,,23.0
2025-06-15T09:53:00,,,,,23.3
2025-06-15T10:14:00,,,,,22.8
2025-06-15T10:53:00,,,,,23.3
2025-06-15T11:53:00,,,,,22.2
2025-06-15T12:53:00,,,,,23.3
2025-06-15T13:40:00,,,,,26.1
2025-06-15T13:53:00,,,,,26.7
2025-06-15T14:53:00,,,,,27.2
2025-06-15T15:53:00,,,,,28.9
2025-06-15T16:53:00,,,,,28.9
2025-06-15T17:53:00,,,,,28.9
2025-06-15T18:53:00,,,,,27.8
2025-06-15T19:53:00,,,,,26.1
2025-06-15T20:53:00,,,,,23.9
2025-06-15T21:53:00,,,,,24.4
2025-06-15T22:53:00,,,,,24.4
2025-06-15T23:53:00,,,,,23.9
2025-06-16T00:53:00,,,,,21.7
2025-06-16T01:53:00,,,,,22.2
2025-06-16T02:53:00,,,,,21.7
2025-06-16T03:53:00,,,,,21.1
2025-06-16T04:53:00,,,,,21.1
2025-06-16T05:53:00,,,,,21.7
2025-06-16T06:53:00,,,,,22.8
2025-06-16T07:53:00,,,,,25.6
2025-06-16T08:53:00,,,,,26.7
2025-06-16T09:53:00,,,,,29.4
2025-06-16T10:53:00,,,,,30.6
2025-06-16T11:53:00,,,,,31.7
2025-06-16T12:53:00,,,,,32.8
2025-06-16T13:53:00,,,,,33.3
2025-06-16T14:53:00,,,,,34.4
2025-06-16T15:53:00,,,,,34.4
2025-06-16T16:53:00,,,,,34.4
2025-06-16T17:53:00,,,,,33.9
2025-06-16T18:53:00,,,,,32.8
2025-06-16T19:53:00,,,,,31.7
2025-06-16T20:53:00,,,,,30.6
2025-06-16T21:53:00,,,,,30.0
2025-06-16T22:53:00,,,,,28.9
2025-06-16T23:53:00,,,,,28.3
2025-06-17T00:53:00,,,,,27.8
2025-06-17T01:53:00,,,,,26.7
2025-06-17T02:53:00,,,,,25.6
2025-06-17T03:53:00,,,,,25.0
2025-06-17T04:53:00,,,,,24.4
2025-06-17T05:53:00,,,,,24.4
2025-06-17T06:53:00,,,,,25.0
2025-06-17T07:53:00,,,,,26.7
2025-06-17T08:53:00,,,,,28.3
2025-06-17T09:53:00,,,,,30.6
2025-06-17T10:53:00,,,,,30.6
2025-06-17T11:53:00,,,,,31.7
2025-06-17T12:53:00,,,,,32.8
2025-06-17T13:53:00,,,,,33.3
2025-06-17T14:53:00,,,,,33.3
2025-06-17T15:53:00,,,,,33.3
2025-06-17T16:53:00,,,,,33.3
2025-06-17T17:53:00,,,,,33.3
2025-06-17T18:53:00,,,,,32.2
2025-06-17T19:53:00,,,,,31.1
2025-06-17T20:53:00,,,,,30.6
2025-06-17T21:53:00,,,,,30.0
2025-06-17T22:53:00,,,,,29.4
2025-06-17T23:53:00,,,,,28.3
2025-06-18T00:53:00,,,,,27.8
2025-06-18T01:53:00,,,,,26.7
2025-06-18T02:53:00,,,,,26.1
2025-06-18T03:53:00,,,,,25.6
2025-06-18T04:38:00,,,,,26.1
2025-06-18T04:53:00,,,,,26.1
2025-06-18T05:14:00,,,,,26.1
2025-06-18T05:53:00,,,,,26.1
2025-06-18T06:53:00,,,,,26.7
2025-06-18T07:04:00,,,,,26.7
2025-06-18T07:53:00,,,,,26.7
2025-06-18T08:37:00,,,,,28.3
2025-06-18T08:53:00,,,,,28.9
2025-06-18T09:53:00,,,,,30.0
2025-06-18T10:53:00,,,,,30.0
2025-06-18T11:53:00,,,,,32.2
2025-06-18T12:53:00,,,,,32.8
2025-06-18T13:53:00,,,,,32.2
2025-06-18T14:53:00,,,,,33.3
2025-06-18T15:53:00,,,,,33.3
2025-06-18T16:53:00,,,,,32.8
2025-06-18T17:53:00,,,,,32.8
2025-06-18T18:53:00,,,,,32.2
2025-06-18T19:53:00,,,,,31.1
2025-06-18T20:53:00,,,,,30.0
2025-06-18T21:53:00,,,,,28.9
2025-06-18T22:53:00,,,,,28.9
2025-06-18T23:53:00,,,,,28.3
2025-06-19T00:53:00,,,,,27.2
2025-06-19T01:53:00,,,,,26.7
2025-06-19T02:53:00,,,,,26.1
2025-06-19T03:53:00,,,,,25.6
2025-06-19T04:53:00,,,,,24.4
2025-06-19T05:53:00,,,,,24.4
2025-06-19T06:40:00,,,,,25.6
2025-06-19T06:53:00,,,,,26.1
2025-06-19T07:53:00,,,,,27.2
2025-06-19T08:07:00,,,,,27.8
2025-06-19T08:53:00,,,,,28.9
2025-06-19T09:43:00,,,,,30.0
2025-06-19T09:53:00,,,,,30.6
2025-06-19T10:53:00,,,,,32.2
2025-06-19T11:53:00,,,,,32.2
2025-06-19T12:53:00,,,,,33.3
2025-06-19T13:53:00,,,,,33.3
2025-06-19T14:53:00,,,,,33.9
2025-06-19T15:53:00,,,,,33.9
2025-06-19T16:53:00,,,,,33.3
2025-06-19T17:53:00,,,,,33.3
2025-06-19T18:53:00,,,,,32.8
2025-06-19T19:53:00,,,,,30.0
2025-06-19T20:53:00,,,,,30.0
2025-06-19T21:53:00,,,,,29.4
2025-06-19T22:53:00,,,,,29.4
2025-06-19T23:53:00,,,,,29.4
2025-06-20T00:53:00,,,,,28.3
2025-06-20T01:53:00,,,,,27.8
2025-06-20T02:53:00,,,,,27.2
2025-06-20T03:53:00,,,,,26.7
2025-06-20T04:53:00,,,,,26.1
2025-06-20T05:53:00,,,,,26.1
2025-06-20T06:26:00,,,,,26.1
2025-06-20T06:53:00,,,,,26.7
2025-06-20T07:10:00,,,,,26.7
2025-06-20T07:24:00,,,,,27.2
2025-06-20T07:53:00,,,,,27.8
2025-06-20T08:53:00,,,,,29.4
2025-06-20T09:53:00,,,,,30.6
2025-06-20T10:53:00,,,,,31.7
2025-06-20T11:53:00,,,,,32.2
2025-06-20T12:53:00,,,,,33.3
2025-06-20T13:53:00,,,,,33.9
2025-06-20T14:53:00,,,,,34.4
2025-06-20T15:53:00,,,,,34.4
2025-06-20T16:53:00,,,,,33.9
2025-06-20T17:53:00,,,,,33.9
2025-06-20T18:53:00,,,,,32.8
2025-06-20T19:53:00,,,,,31.7
2025-06-20T20:53:00,,,,,30.6
2025-06-20T21:53:00,,,,,30.0
2025-06-20T22:53:00,,,,,29.4
2025-06-20T23:53:00,,,,,28.9
2025-06-21T00:53:00,,,,,28.3
2025-06-21T01:53:00,,,,,27.2
2025-06-21T02:53:00,,,,,26.7
2025-06-21T03:53:00,,,,,26.1
2025-06-21T04:53:00,,,,,25.6
2025-06-21T05:40:00,,,,,25.6
2025-06-21T05:53:00,,,,,25.6
2025-06-21T06:53:00,,,,,26.1
2025-06-21T07:19:00,,,,,26.7
2025-06-21T07:53:00,,,,,27.2
2025-06-21T08:51:00,,,,,28.0
2025-06-21T08:53:00,,,,,28.3
2025-06-21T09:53:00,,,,,30.0
2025-06-21T10:53:00,,,,,31.1
2025-06-21T11:53:00,,,,,31.7
2025-06-21T12:53:00,,,,,31.7
2025-06-21T13:53:00,,,,,32.8
2025-06-21T14:53:00,,,,,33.3
2025-06-21T15:53:00,,,,,33.9
2025-06-21T16:53:00,,,,,33.9
2025-06-21T17:53:00,,,,,33.3
2025-06-21T18:53:00,,,,,32.2
2025-06-21T19:53:00,,,,,31.1
2025-06-21T20:53:00,,,,,30.6
2025-06-21T21:53:00,,,,,29.4
2025-06-21T22:53:00,,,,,28.9
2025-06-21T23:53:00,,,,,28.3
2025-06-22T00:53:00,,,,,27.8
2025-06-22T01:53:00,,,,,26.7
2025-06-22T02:53:00,,,,,26.1
2025-06-22T03:53:00,,,,,25.6
2025-06-22T04:53:00,,,,,25.0
2025-06-22T05:53:00,,,,,24.4
2025-06-22T06:53:00,,,,,25.6
2025-06-22T07:53:00,,,,,27.2
2025-06-22T08:06:00,,,,,27.8
2025-06-22T08:44:00,,,,,28.3
2025-06-22T08:53:00,,,,,28.9
2025-06-22T09:53:00,,,,,30.0
2025-06-22T10:53:00,,,,,31.1
2025-06-22T11:53:00,,,,,32.2
2025-06-22T12:53:00,,,,,32.8
2025-06-22T13:53:00,,,,,33.9
2025-06-22T14:53:00,,,,,34.4
2025-06-22T15:53:00,,,,,34.4
2025-06-22T16:53:00,,,,,33.9
2025-06-22T17:53:00,,,,,33.3
2025-06-22T18:53:00,,,,,31.7
2025-06-22T19:53:00,,,,,29.4
2025-06-22T20:53:00,,,,,28.9
2025-06-22T21:53:00,,,,,28.3
2025-06-22T22:53:00,,,,,27.2
2025-06-22T23:53:00,,,,,26.7
2025-06-23T00:53:00,,,,,26.1
2025-06-23T01:53:00,,,,,26.1
2025-06-23T02:53:00,,,,,25.6
2025-06-23T03:53:00,,,,,25.0
2025-06-23T04:53:00,,,,,25.0
2025-06-23T05:11:00,,,,,24.4
2025-06-23T05:53:00,,,,,25.0
2025-06-23T06:28:00,,,,,25.6
2025-06-23T06:48:00,,,,,26.0
2025-06-23T06:53:00,,,,,26.1
2025-06-23T07:36:00,,,,,27.2
2025-06-23T07:53:00,,,,,27.2
2025-06-23T08:10:00,,,,,27.8
2025-06-23T08:53:00,,,,,28.3
2025-06-23T09:53:00,,,,,30.0
2025-06-23T10:53:00,,,,,30.6
2025-06-23T11:53:00,,,,,32.2
2025-06-23T12:53:00,,,,,32.8
2025-06-23T13:53:00,,,,,33.9
2025-06-23T14:53:00,,,,,33.9
2025-06-23T15:53:00,,,,,33.9
2025-06-23T16:53:00,,,,,33.3
2025-06-23T17:53:00,,,,,33.3
2025-06-23T18:53:00,,,,,32.2
2025-06-23T19:53:00,,,,,31.1
2025-06-23T20:53:00,,,,,28.9
2025-06-23T21:53:00,,,,,29.4
2025-06-23T22:53:00,,,,,28.3
2025-06-23T23:53:00,,,,,27.2
2025-06-24T00:53:00,,,,,27.2
2025-06-24T01:53:00,,,,,26.1
2025-06-24T02:53:00,,,,,25.6
2025-06-24T03:53:00,,,,,24.4
2025-06-24T04:53:00,,,,,23.9
2025-06-24T05:53:00,,,,,23.9
2025-06-24T06:53:00,,,,,26.1
2025-06-24T07:53:00,,,,,27.8
2025-06-24T08:53:00,,,,,29.4
2025-06-24T09:53:00,,,,,30.0
2025-06-24T10:53:00,,,,,32.2
2025-06-24T11:53:00,,,,,31.7
2025-06-24T12:53:00,,,,,33.3
2025-06-24T13:53:00,,,,,33.3
2025-06-24T14:53:00,,,,,32.8
2025-06-24T15:53:00,,,,,33.9
2025-06-24T16:53:00,,,,,33.3
2025-06-24T17:53:00,,,,,33.3
2025-06-24T18:53:00,,,,,32.2
2025-06-24T19:53:00,,,,,30.6
2025-06-24T20:53:00,,,,,30.0
2025-06-24T21:53:00,,,,,28.3
2025-06-24T22:53:00,,,,,27.2
2025-06-24T23:53:00,,,,,26.1
2025-06-25T00:53:00,,,,,25.0
2025-06-25T01:53:00,,,,,24.4
2025-06-25T02:51:00,,,,,24.0
2025-06-25T02:53:00,,,,,24.4
2025-06-25T03:11:00,,,,,24.4
2025-06-25T03:53:00,,,,,23.9
2025-06-25T04:53:00,,,,,23.3
2025-06-25T05:53:00,,,,,23.9
2025-06-25T06:53:00,,,,,23.9
2025-06-25T07:53:00,,,,,26.1
2025-06-25T08:53:00,,,,,27.2
2025-06-25T09:53:00,,,,,28.3
2025-06-25T10:53:00,,,,,30.6
2025-06-25T11:53:00,,,,,31.7
2025-06-25T12:51:00,,,,,32.0
2025-06-25T12:53:00,,,,,31.7
2025-06-25T13:23:00,,,,,31.7
2025-06-25T13:34:00,,,,,31.1
2025-06-25T13:53:00,,,,,28.3
2025-06-25T14:32:00,,,,,27.2
2025-06-25T14:53:00,,,,,27.8
2025-06-25T15:53:00,,,,,30.6
2025-06-25T16:53:00,,,,,28.3
2025-06-25T17:53:00,,,,,28.9
2025-06-25T18:53:00,,,,,28.3
2025-06-25T19:53:00,,,,,27.8
2025-06-25T20:53:00,,,,,26.7
2025-06-25T21:53:00,,,,,26.1
2025-06-25T22:53:00,,,,,25.6
2025-06-25T23:53:00,,,,,25.6
2025-06-26T00:53:00,,,,,25.0
2025-06-26T01:53:00,,,,,25.0
2025-06-26T02:53:00,,,,,24.4
2025-06-26T03:53:00,,,,,23.9
2025-06-26T04:53:00,,,,,23.9
2025-06-26T05:11:00,,,,,23.9
2025-06-26T05:25:00,,,,,23.9
2025-06-26T05:50:00,,,,,24.0
2025-06-26T05:53:00,,,,,24.4
2025-06-26T06:02:00,,,,,24.4
2025-06-26T06:26:00,,,,,25.0
2025-06-26T06:53:00,,,,,25.0
2025-06-26T07:04:00,,,,,25.6
2025-06-26T07:51:00,,,,,26.0
2025-06-26T07:53:00,,,,,26.1
2025-06-26T08:53:00,,,,,26.7
2025-06-26T09:53:00,,,,,27.8
2025-06-26T10:51:00,,,,,29.0
2025-06-26T10:53:00,,,,,29.4
2025-06-26T11:53:00,,,,,30.6
2025-06-26T12:53:00,,,,,31.7
2025-06-26T13:53:00,,,,,32.8
2025-06-26T14:53:00,,,,,33.3
2025-06-26T15:53:00,,,,,33.3
2025-06-26T16:53:00,,,,,33.9
2025-06-26T17:53:00,,,,,32.8
2025-06-26T18:53:00,,,,,31.7
2025-06-26T19:53:00,,,,,30.0
2025-06-26T20:53:00,,,,,28.9
2025-06-26T21:53:00,,,,,27.8
2025-06-26T22:53:00,,,,,27.2
2025-06-26T23:53:00,,,,,26.1
2025-06-27T00:53:00,,,,,25.6
2025-06-27T01:53:00,,,,,25.0
2025-06-27T02:53:00,,,,,24.4
2025-06-27T03:53:00,,,,,23.9
2025-06-27T04:53:00,,,,,23.3
2025-06-27T05:43:00,,,,,23.3
2025-06-27T05:51:00,,,,,24.0
2025-06-27T05:53:00,,,,,23.9
2025-06-27T06:53:00,,,,,24.4
2025-06-27T07:51:00,,,,,27.0
2025-06-27T07:53:00,,,,,26.7
2025-06-27T08:00:00,,,,,26.1
2025-06-27T08:53:00,,,,,27.8
2025-06-27T09:53:00,,,,,30.0
2025-06-27T10:53:00,,,,,31.7
2025-06-27T11:53:00,,,,,32.2
2025-06-27T12:53:00,,,,,32.8
2025-06-27T13:53:00,,,,,33.3
2025-06-27T14:25:00,,,,,33.3
2025-06-27T14:53:00,,,,,33.9
2025-06-27T15:53:00,,,,,33.9
2025-06-27T16:53:00,,,,,33.9
2025-06-27T17:53:00,,,,,33.3
2025-06-27T18:53:00,,,,,32.2
2025-06-27T19:53:00,,,,,30.6
2025-06-27T20:53:00,,,,,30.0
2025-06-27T21:53:00,,,,,29.4
2025-06-27T22:53:00,,,,,28.3
2025-06-27T23:53:00,,,,,28.3
2025-06-28T00:53:00,,,,,27.2
2025-06-28T01:53:00,,,,,26.7
2025-06-28T02:53:00,,,,,26.1
2025-06-28T03:53:00,,,,,26.1
2025-06-28T04:53:00,,,,,25.6
2025-06-28T05:53:00,,,,,25.0
2025-06-28T06:53:00,,,,,26.1
2025-06-28T07:53:00,,,,,27.8
2025-06-28T08:53:00,,,,,28.9
2025-06-28T09:53:00,,,,,30.0
2025-06-28T10:53:00,,,,,31.1
2025-06-28T11:53:00,,,,,32.2
2025-06-28T12:53:00,,,,,33.3
2025-06-28T13:53:00,,,,,33.9
2025-06-28T14:53:00,,,,,33.3
2025-06-28T15:53:00,,,,,34.4
2025-06-28T16:23:00,,,,,34.4
2025-06-28T16:53:00,,,,,33.9
2025-06-28T17:53:00,,,,,33.9
2025-06-28T18:53:00,,,,,32.8
2025-06-28T19:53:00,,,,,31.1
2025-06-28T20:53:00,,,,,30.0
2025-06-28T21:53:00,,,,,29.4
2025-06-28T22:53:00,,,,,28.3
2025-06-28T23:53:00,,,,,28.9
2025-06-29T00:53:00,,,,,27.8
2025-06-29T01:53:00,,,,,27.2
2025-06-29T02:53:00,,,,,26.7
2025-06-29T03:53:00,,,,,26.1
2025-06-29T04:53:00,,,,,25.6
2025-06-29T05:53:00,,,,,25.6
2025-06-29T06:53:00,,,,,26.1
2025-06-29T07:53:00,,,,,27.8
2025-06-29T08:53:00,,,,,29.4
2025-06-29T09:53:00,,,,,30.6
2025-06-29T10:53:00,,,,,31.7
2025-06-29T11:53:00,,,,,32.2
2025-06-29T12:53:00,,,,,33.3
2025-06-29T13:53:00,,,,,33.3
2025-06-29T14:53:00,,,,,33.9
2025-06-29T15:53:00,,,,,33.9
2025-06-29T16:53:00,,,,,34.4
2025-06-29T17:53:00,,,,,33.9
2025-06-29T18:53:00,,,,,33.3
2025-06-29T19:53:00,,,,,31.1
2025-06-29T20:53:00,,,,,30.6
2025-06-29T21:53:00,,,,,30.0
2025-06-29T22:53:00,,,,,28.9
2025-06-29T23:53:00,,,,,27.8
2025-06-30T00:53:00,,,,,26.7
2025-06-30T01:53:00,,,,,26.1
2025-06-30T02:53:00,,,,,25.6
2025-06-30T03:53:00,,,,,25.0
2025-06-30T04:53:00,,,,,24.4
2025-06-30T05:53:00,,,,,24.4
2025-06-30T06:53:00,,,,,25.6
2025-06-30T07:53:00,,,,,27.8
2025-06-30T08:53:00,,,,,28.9
2025-06-30T09:53:00,,,,,30.0
2025-06-30T10:53:00,,,,,31.7
2025-06-30T11:53:00,,,,,32.2
2025-06-30T12:53:00,,,,,33.3
2025-06-30T13:53:00,,,,,33.9
2025-06-30T14:53:00,,,,,34.4
2025-06-30T15:53:00,,,,,35.6
2025-06-30T16:53:00,,,,,33.9
2025-06-30T17:53:00,,,,,33.9
2025-06-30T18:53:00,,,,,33.3
2025-06-30T19:53:00,,,,,31.7
2025-06-30T20:53:00,,,,,30.6
2025-06-30T21:51:00,,,,,27.0
2025-06-30T21:53:00,,,,,26.7
2025-06-30T22:53:00,,,,,25.0
2025-06-30T23:53:00,,,,,24.4
